date,metric,value
2025-01-01,Efficiency,85.0
2025-01-01,Reliability,92.7
2025-01-01,Availability,97.1
2025-01-01,ResponseTime,137.1
2025-01-01,QualityScore,88.8
2025-01-01,CostEffect,87.0
2025-01-02,Efficiency,88.6
2025-01-02,Reliability,93.0
2025-01-02,Availability,93.8
2025-01-02,ResponseTime,127.8
2025-01-02,QualityScore,89.5
2025-01-02,CostEffect,85.9
2025-01-03,Efficiency,89.1
2025-01-03,Reliability,92.3
2025-01-03,Availability,96.2
2025-01-03,ResponseTime,149.7
2025-01-03,QualityScore,87.0
2025-01-03,CostEffect,87.3
2025-01-04,Efficiency,89.5
2025-01-04,Reliability,91.6
2025-01-04,Availability,96.2
2025-01-04,ResponseTime,146.8
2025-01-04,QualityScore,87.6
2025-01-04,CostEffect,85.1
2025-01-05,Efficiency,89.5
2025-01-05,Reliability,94.6
2025-01-05,Availability,96.6
2025-01-05,ResponseTime,137.1
2025-01-05,QualityScore,88.3
2025-01-05,CostEffect,83.3
2025-01-06,Efficiency,89.4
2025-01-06,Reliability,92.6
2025-01-06,Availability,96.2
2025-01-06,ResponseTime,147.6
2025-01-06,QualityScore,89.4
2025-01-06,CostEffect,85.5
2025-01-07,Efficiency,87.1
2025-01-07,Reliability,94.9
2025-01-07,Availability,97.5
2025-01-07,ResponseTime,158.1
2025-01-07,QualityScore,89.9
2025-01-07,CostEffect,85.6
2025-01-08,Efficiency,88.2
2025-01-08,Reliability,93.3
2025-01-08,Availability,96.8
2025-01-08,ResponseTime,157.1
2025-01-08,QualityScore,90.2
2025-01-08,CostEffect,84.8
2025-01-09,Efficiency,89.0
2025-01-09,Reliability,92.7
2025-01-09,Availability,98.4
2025-01-09,ResponseTime,167.4
2025-01-09,QualityScore,90.0
2025-01-09,CostEffect,87.0
2025-01-10,Efficiency,91.3
2025-01-10,Reliability,96.3
2025-01-10,Availability,96.0
2025-01-10,ResponseTime,152.4
2025-01-10,QualityScore,90.8
2025-01-10,CostEffect,83.8
2025-01-11,Efficiency,87.1
2025-01-11,Reliability,92.2
2025-01-11,Availability,95.5
2025-01-11,ResponseTime,162.3
2025-01-11,QualityScore,89.2
2025-01-11,CostEffect,84.8
2025-01-12,Efficiency,87.0
2025-01-12,Reliability,91.9
2025-01-12,Availability,97.1
2025-01-12,ResponseTime,163.5
2025-01-12,QualityScore,90.5
2025-01-12,CostEffect,83.3
2025-01-13,Efficiency,88.9
2025-01-13,Reliability,93.1
2025-01-13,Availability,94.5
2025-01-13,ResponseTime,144.0
2025-01-13,QualityScore,88.1
2025-01-13,CostEffect,84.7
2025-01-14,Efficiency,87.3
2025-01-14,Reliability,93.5
2025-01-14,Availability,95.1
2025-01-14,ResponseTime,148.4
2025-01-14,QualityScore,87.4
2025-01-14,CostEffect,85.0
2025-01-15,Efficiency,86.9
2025-01-15,Reliability,92.0
2025-01-15,Availability,95.5
2025-01-15,ResponseTime,143.5
2025-01-15,QualityScore,88.1
2025-01-15,CostEffect,80.9
2025-01-16,Efficiency,84.8
2025-01-16,Reliability,93.3
2025-01-16,Availability,93.6
2025-01-16,ResponseTime,141.1
2025-01-16,QualityScore,86.8
2025-01-16,CostEffect,86.9
2025-01-17,Efficiency,87.3
2025-01-17,Reliability,92.9
2025-01-17,Availability,94.6
2025-01-17,ResponseTime,147.2
2025-01-17,QualityScore,85.2
2025-01-17,CostEffect,81.9
2025-01-18,Efficiency,86.4
2025-01-18,Reliability,89.1
2025-01-18,Availability,93.9
2025-01-18,ResponseTime,159.5
2025-01-18,QualityScore,86.3
2025-01-18,CostEffect,84.8
2025-01-19,Efficiency,85.0
2025-01-19,Reliability,90.6
2025-01-19,Availability,92.7
2025-01-19,ResponseTime,149.4
2025-01-19,QualityScore,88.7
2025-01-19,CostEffect,81.3
2025-01-20,Efficiency,82.7
2025-01-20,Reliability,90.2
2025-01-20,Availability,92.5
2025-01-20,ResponseTime,143.1
2025-01-20,QualityScore,87.9
2025-01-20,CostEffect,82.2
2025-01-21,Efficiency,85.7
2025-01-21,Reliability,89.0
2025-01-21,Availability,93.2
2025-01-21,ResponseTime,145.4
2025-01-21,QualityScore,87.6
2025-01-21,CostEffect,81.7
2025-01-22,Efficiency,85.0
2025-01-22,Reliability,90.4
2025-01-22,Availability,93.3
2025-01-22,ResponseTime,149.6
2025-01-22,QualityScore,86.4
2025-01-22,CostEffect,85.0
2025-01-23,Efficiency,84.3
2025-01-23,Reliability,88.4
2025-01-23,Availability,93.6
2025-01-23,ResponseTime,151.1
2025-01-23,QualityScore,85.5
2025-01-23,CostEffect,81.6
2025-01-24,Efficiency,82.9
2025-01-24,Reliability,88.4
2025-01-24,Availability,92.4
2025-01-24,ResponseTime,142.2
2025-01-24,QualityScore,88.9
2025-01-24,CostEffect,84.7
2025-01-25,Efficiency,83.2
2025-01-25,Reliability,89.5
2025-01-25,Availability,93.7
2025-01-25,ResponseTime,130.0
2025-01-25,QualityScore,85.5
2025-01-25,CostEffect,79.8
2025-01-26,Efficiency,82.5
2025-01-26,Reliability,89.5
2025-01-26,Availability,94.2
2025-01-26,ResponseTime,149.8
2025-01-26,QualityScore,88.0
2025-01-26,CostEffect,80.4
2025-01-27,Efficiency,87.2
2025-01-27,Reliability,91.3
2025-01-27,Availability,94.8
2025-01-27,ResponseTime,156.2
2025-01-27,QualityScore,87.4
2025-01-27,CostEffect,84.7
2025-01-28,Efficiency,84.4
2025-01-28,Reliability,91.7
2025-01-28,Availability,94.9
2025-01-28,ResponseTime,148.7
2025-01-28,QualityScore,87.3
2025-01-28,CostEffect,79.4
2025-01-29,Efficiency,87.8
2025-01-29,Reliability,91.7
2025-01-29,Availability,93.9
2025-01-29,ResponseTime,146.5
2025-01-29,QualityScore,89.6
2025-01-29,CostEffect,83.3
2025-01-30,Efficiency,84.6
2025-01-30,Reliability,92.4
2025-01-30,Availability,95.0
2025-01-30,ResponseTime,136.8
2025-01-30,QualityScore,85.9
2025-01-30,CostEffect,83.5
